﻿Series Name,Series Code,Country Name,Country Code,2000 [YR2000],2001 [YR2001],2002 [YR2002],2003 [YR2003],2004 [YR2004],2005 [YR2005],2006 [YR2006],2007 [YR2007],2008 [YR2008],2009 [YR2009],2010 [YR2010],2011 [YR2011],2012 [YR2012],2013 [YR2013],2014 [YR2014],2015 [YR2015],2016 [YR2016],2017 [YR2017],2018 [YR2018],2019 [YR2019],2020 [YR2020]
Gini index (World Bank estimate),SI.POV.GINI,Angola,AGO,52,..,..,..,..,..,..,..,42.7,..,..,..,..,..,..,..,..,..,51.3,..,..
Gini index (World Bank estimate),SI.POV.GINI,Benin,BEN,..,..,..,38.6,..,..,..,..,..,..,..,43.4,..,..,..,47.8,..,..,..,..,..
Gini index (World Bank estimate),SI.POV.GINI,Botswana,BWA,..,..,64.7,..,..,..,..,..,..,60.5,..,..,..,..,..,53.3,..,..,..,..,..
Gini index (World Bank estimate),SI.POV.GINI,Burkina Faso,BFA,..,..,..,43.3,..,..,..,..,..,39.8,..,..,..,..,35.3,..,..,..,..,..,..
Gini index (World Bank estimate),SI.POV.GINI,Burundi,BDI,..,..,..,..,..,..,33.4,..,..,..,..,..,..,38.6,..,..,..,..,..,..,..
Gini index (World Bank estimate),SI.POV.GINI,Cabo Verde,CPV,..,52.5,..,..,..,..,..,47.2,..,..,..,..,..,..,..,42.4,..,..,..,..,..
Gini index (World Bank estimate),SI.POV.GINI,Cameroon,CMR,..,42.1,..,..,..,..,..,42.8,..,..,..,..,..,..,46.6,..,..,..,..,..,..
Gini index (World Bank estimate),SI.POV.GINI,Central African Republic,CAF,..,..,..,43.6,..,..,..,..,56.2,..,..,..,..,..,..,..,..,..,..,..,..
Gini index (World Bank estimate),SI.POV.GINI,Chad,TCD,..,..,..,39.8,..,..,..,..,..,..,..,43.3,..,..,..,..,..,..,..,..,..
Gini index (World Bank estimate),SI.POV.GINI,Comoros,COM,..,..,..,..,55.9,..,..,..,..,..,..,..,..,..,45.3,..,..,..,..,..,..
Gini index (World Bank estimate),SI.POV.GINI,"Congo, Dem. Rep.",COD,..,..,..,..,42.2,..,..,..,..,..,..,..,42.1,..,..,..,..,..,..,..,..
Gini index (World Bank estimate),SI.POV.GINI,"Congo, Rep.",COG,..,..,..,..,..,47.3,..,..,..,..,..,48.9,..,..,..,..,..,..,..,..,..
Gini index (World Bank estimate),SI.POV.GINI,Cote d'Ivoire,CIV,..,..,41.3,..,..,..,..,..,43.2,..,..,..,..,..,..,41.5,..,..,..,..,..
Gini index (World Bank estimate),SI.POV.GINI,Equatorial Guinea,GNQ,..,..,..,..,..,..,..,..,..,..,..,..,..,..,..,..,..,..,..,..,..
Gini index (World Bank estimate),SI.POV.GINI,Eritrea,ERI,..,..,..,..,..,..,..,..,..,..,..,..,..,..,..,..,..,..,..,..,..
Gini index (World Bank estimate),SI.POV.GINI,Eswatini,SWZ,53.1,..,..,..,..,..,..,..,..,51.5,..,..,..,..,..,..,54.6,..,..,..,..
Gini index (World Bank estimate),SI.POV.GINI,Ethiopia,ETH,..,..,..,..,29.8,..,..,..,..,..,33.2,..,..,..,..,35,..,..,..,..,..
Gini index (World Bank estimate),SI.POV.GINI,Gabon,GAB,..,..,..,..,..,42.2,..,..,..,..,..,..,..,..,..,..,..,38,..,..,..
Gini index (World Bank estimate),SI.POV.GINI,"Gambia, The",GMB,..,..,..,47.3,..,..,..,..,..,..,43.6,..,..,..,..,35.9,..,..,..,..,..
Gini index (World Bank estimate),SI.POV.GINI,Ghana,GHA,..,..,..,..,..,42.8,..,..,..,..,..,..,42.4,..,..,..,43.5,..,..,..,..
Gini index (World Bank estimate),SI.POV.GINI,Guinea,GIN,..,..,43,..,..,..,..,39.4,..,..,..,..,33.7,..,..,..,..,..,..,..,..
Gini index (World Bank estimate),SI.POV.GINI,Guinea-Bissau,GNB,..,..,35.6,..,..,..,..,..,..,..,50.7,..,..,..,..,..,..,..,..,..,..
Gini index (World Bank estimate),SI.POV.GINI,Kenya,KEN,..,..,..,..,..,46.5,..,..,..,..,..,..,..,..,..,40.8,..,..,..,..,..
Gini index (World Bank estimate),SI.POV.GINI,Lesotho,LSO,..,..,51.6,..,..,..,..,..,..,..,..,..,..,..,..,..,..,44.9,..,..,..
Gini index (World Bank estimate),SI.POV.GINI,Liberia,LBR,..,..,..,..,..,..,..,36.5,..,..,..,..,..,..,33.2,..,35.3,..,..,..,..
Gini index (World Bank estimate),SI.POV.GINI,Madagascar,MDG,..,47.4,..,..,..,39.9,..,..,..,..,42.4,..,42.6,..,..,..,..,..,..,..,..
Gini index (World Bank estimate),SI.POV.GINI,Malawi,MWI,..,..,..,..,39.9,..,..,..,..,..,45.5,..,..,..,..,..,44.7,..,..,..,..
Gini index (World Bank estimate),SI.POV.GINI,Mali,MLI,..,39.9,..,..,..,..,38.9,..,..,33,..,..,..,..,..,..,..,..,..,..,..
Gini index (World Bank estimate),SI.POV.GINI,Mauritania,MRT,39,..,..,..,40.2,..,..,..,35.7,..,..,..,..,..,32.6,..,..,..,..,..,..
Gini index (World Bank estimate),SI.POV.GINI,Mauritius,MUS,..,..,..,..,..,..,35.7,..,..,..,..,..,38.5,..,..,..,..,36.8,..,..,..
Gini index (World Bank estimate),SI.POV.GINI,Mozambique,MOZ,..,..,47,..,..,..,..,..,45.6,..,..,..,..,..,54,..,..,..,..,..,..
Gini index (World Bank estimate),SI.POV.GINI,Namibia,NAM,..,..,..,63.3,..,..,..,..,..,61,..,..,..,..,..,59.1,..,..,..,..,..
Gini index (World Bank estimate),SI.POV.GINI,Niger,NER,..,..,..,..,..,44.4,..,37.3,..,..,..,31.5,..,..,34.3,..,..,..,..,..,..
Gini index (World Bank estimate),SI.POV.GINI,Nigeria,NGA,..,..,..,40.1,..,..,..,..,..,43,..,..,..,..,..,..,..,..,35.1,..,..
Gini index (World Bank estimate),SI.POV.GINI,Rwanda,RWA,48.5,..,..,..,..,52,..,..,..,..,47.2,..,..,45.1,..,..,43.7,..,..,..,..
Gini index (World Bank estimate),SI.POV.GINI,Sao Tome and Principe,STP,32.1,..,..,..,..,..,..,..,..,..,30.8,..,..,..,..,..,..,56.3,..,..,..
Gini index (World Bank estimate),SI.POV.GINI,Senegal,SEN,..,41.2,..,..,..,39.2,..,..,..,..,..,40.3,..,..,..,..,..,..,..,..,..
Gini index (World Bank estimate),SI.POV.GINI,Seychelles,SYC,..,..,..,..,..,..,..,..,..,..,..,..,..,46.8,..,..,..,..,..,..,..
Gini index (World Bank estimate),SI.POV.GINI,Sierra Leone,SLE,..,..,..,40.2,..,..,..,..,..,..,..,34,..,..,..,..,..,..,35.7,..,..
Gini index (World Bank estimate),SI.POV.GINI,Somalia,SOM,..,..,..,..,..,..,..,..,..,..,..,..,..,..,..,..,..,..,..,..,..
Gini index (World Bank estimate),SI.POV.GINI,South Africa,ZAF,57.8,..,..,..,..,64.8,..,..,63,..,63.4,..,..,..,63,..,..,..,..,..,..
Gini index (World Bank estimate),SI.POV.GINI,South Sudan,SSD,..,..,..,..,..,..,..,..,..,46.3,..,..,..,..,..,..,..,..,..,..,..
Gini index (World Bank estimate),SI.POV.GINI,Sudan,SDN,..,..,..,..,..,..,..,..,..,35.4,..,..,..,..,34.2,..,..,..,..,..,..
Gini index (World Bank estimate),SI.POV.GINI,Tanzania,TZA,37.3,..,..,..,..,..,..,40.3,..,..,..,37.8,..,..,..,..,..,40.5,..,..,..
Gini index (World Bank estimate),SI.POV.GINI,Togo,TGO,..,..,..,..,..,..,42.2,..,..,..,..,46,..,..,..,43.1,..,..,..,..,..
Gini index (World Bank estimate),SI.POV.GINI,Uganda,UGA,..,..,45.2,..,..,42.9,..,..,..,44.2,..,..,41,..,..,..,42.8,..,..,..,..
Gini index (World Bank estimate),SI.POV.GINI,Zambia,ZMB,..,..,42.1,..,54.3,..,54.6,..,..,..,55.6,..,..,..,..,57.1,..,..,..,..,..
Gini index (World Bank estimate),SI.POV.GINI,Zimbabwe,ZWE,..,..,..,..,..,..,..,..,..,..,..,43.2,..,..,..,..,..,44.3,..,..,..
,,,,,,,,,,,,,,,,,,,,,,,,
,,,,,,,,,,,,,,,,,,,,,,,,
,,,,,,,,,,,,,,,,,,,,,,,,
Data from database: World Development Indicators,,,,,,,,,,,,,,,,,,,,,,,,
Last Updated: 10/15/2020,,,,,,,,,,,,,,,,,,,,,,,,
